﻿<?xml version="1.0" encoding="utf-8"?>
<DownloadTask>
  <ProjectInfo
    DeviceVersion="17.0.0.0"
    CreationTime="2025-07-28 11:34:36 (UTC)"
    Runtime="COLORADO"
    RtProjectName="CK_SCADA11111.PC-System_1[SIMATIC PC station - WinCC RT Advanced]"
    RtProjectFolderName="CK_SCADA11111.PC-System_1[SIMATIC PC station - WinCC RT Advanced]"
    DeviceType="PC-OP"
    DisplayOrientation="0"
    RTReleaseNo="17.0.0.0"
    ImageReleaseNo="17.0.0.0"
    RTCV="17.0.0.0"
    PRCV="17.0.0.0"
    FirmwareFileName=""
    RuntimeFileName=""
    RuntimeAddonFolderName="" />
  <FullDownload>pdata.fwc</FullDownload>
  <FullDownload
    type="ADMINDATA">pdata.pwx</FullDownload>
  <FullDownload>pdata.tfz</FullDownload>
  <FullDownload>ProjectSettings.hsf</FullDownload>
  <License
    type="WCRT011700">WinCC RT Advanced (128)</License>
</DownloadTask>